Female;Male;Neutral;Female;Male;Neutral;Female;Male;Neutral
Abbey; Adrian; Addie;Jean; George; Frankie;Sibyl; Theo; Mead
Abbie; Adrien; Alex;Juanita; Geri; Franky;Stacy; Tim; Meade
Abby; Ajay; Alfie;Judith; Germaine; Gabriel;Sunny; Timmie; Mel
Alexis; Ali; Alix;Judy; Gerri; Gabriell;Sydney; Timmy; Merle
Allie; Andie; Allyn;Julie; Gerry; Gail;Tabbie; Tobe; Merrill
Angel; Andy; Andrea;Kelley; Glen; Gale; Tabby; Tobie; Merry
Angie; Austin; Barrie;Kelsey; Glenn; Georgie; Tallie; Toby; Michel
Ariel; Bennie; Barry;Kerry; Gus; Gill; Tally; Tommie; Michele
Ashley; Benny; Beau;Lauren; Hannibal; Harley; Tammie; Tommy; Morgan
Aubrey; Bernie; Billie;Laurie; Heath; Hazel; Tammy; Tony; Morlee
Augustine; Bert; Billy;Lindsay; Henrie; Ikey; Terri; Van; Muffin
Averil; Bertie; Blake;Lindsey; Ike; Jackie; Trace; Vin; Nat
Blair; Bill; Bobbie;Lindy; Jan; Jaime; Tracey; Vinny; Noel
Brandy; Bo; Bobby;Lorrie; Jermaine; Jamie; Tracie; Wallie; Ollie
Brook; Brett; Britt;Luce; Jerrie; Jere; Tracy; Wallis; Pat
Brooke; Chad; Bryn;Lyn; Jerry; Jess; Vinnie; Wally; Pen
Brooks; Chris; Cal;Lynn; Joey; Jesse; Whitney; Willi; Quinn
Carey; Christian; Cam;Maddie; Jordan; Jessie;; Willie; Regan
Carley; Claude; Cammy;Maddy; Justin; Jo;; Willy; Reggie
Cat; Cody; Carlin;Marietta; Karel; Jodi;;; Rene
Chrissy; Constantine; Carmine;Marion; Kyle; Jodie;;; Rey
Christie; Corey; Carroll;Meredith; Leland; Jody;;; Ricki
Christy; Corrie; Cary;Meryl; Marlo; Jude;;; Rickie
Clair; Cory; Caryl;Millicent; Martie; Kellen;;; Rikki
Claire; Dale; Casey;Nichole; Marty; Kelly;;; Robin
Clare; Daniel; Cass;Nickie; Michal; Kim;;; Ronnie
Connie; Dannie; Cecil;Nicky; Mickie; Kip;;; Sal
Courtney; Danny; Clem;Niki; Micky; Kirby;;; Sam
Dory; Darryl; Clemmie;Nikki; Perry; Kit;;; Sammy
Emmy; Daryl; Cris;Page; Phil; Kris;;; Sandy
Erin; Demetris; Daffy;Paige; Pooh; Lane;;; Sascha
Esme; Denny; Dallas;Patrice; Quentin; Lanny;;; Sasha
Evelyn; Devin; Dana;Patsy; Randy; Lee;;; Scotty
Felice; Devon; Dani;Pattie; Ray; Leigh;;; Shay
Georgia; Dorian; Darby;Patty; Ricky; Lesley;;; Shayne
Ginger; Drew; Darcy;Pennie; Robbie; Leslie;;; Shea
Grace; Eddie; Deane;Penny; Ronny; Lin;;; Shell
Gretchen; Eddy; Del;Randi; Sean; Lind;;; Simone
Haleigh; Edie; Dell;Randie; Shane; Lonnie;;; Sonnie
Haley; Francis; Dennie;Rory; Shaun; Loren;;; Torey
Hilary; Frank; Dion;Ruby; Shawn; Lorne;;; Val
Hillary; Fred; Dionis;Saundra; Sonny; Lou;;; Vale
Holly; Freddie; Dominique;Sayre; Tate; Mattie;;; Valentine
Ira; Freddy; Donnie;Shaine; Ted; Matty;;; Virgie
Isa; Gay; Donny;Shannon; Teddie; Maurise;;; Winnie
Isador; Gayle; Elisha;Shelby; Teddy; Max;;; Winny
Isadore; Gene; Fran;Shelley; Terry; Maxie;;; Wynn
